{"AAPL-profit_mr": 345.63440000000026, "AAPL-precentage_mr": 445.290389074981, "AAPL-profit_sma": 309.6654999999995, "AAPL-precentage_sma": 321.33, "AAPL-profit_smac": -14.539100000000133, "AAPL-precentage_smac": -16.68, "GIL-profit_mr": -4.000000000000021, "GIL-precentage_mr": -21.265284423179274, "GIL-profit_sma": 40.430000000000064, "GIL-precentage_sma": 210.68, "GIL-profit_smac": -34.77000000000001, "GIL-precentage_smac": -158.05}